Date,Open,Price,High,Low,Close,Volume,cpi
6/30/2021,176.9,84.57,178.4,175.9,177.3,775017,5.624733
6/29/2021,173,84.63,177.5,173,175.9,513447,5.624733
6/28/2021,173.8,84.44,174.4,172.6,173,328305,5.624733
6/24/2021,176,84.51,176.9,173,176.1,749280,5.624733
6/23/2021,176.6,84.36,179,175.9,176.1,523792,5.624733
6/22/2021,179,84.39,179,175.9,176.6,543269,5.624733
6/21/2021,180,84.51,181.8,177.7,179.6,1280450,5.624733
6/17/2021,171,84.62,175.6,171,174.9,605017,5.624733
6/16/2021,171,84.63,172.2,169.5,170.8,658871,5.624733
6/15/2021,171,84.62,172.7,169,171,510254,5.624733
6/14/2021,172.8,84.39,173.4,170,170.8,430072,5.624733
6/10/2021,178,84.8,178.5,174.2,174.5,1246656,5.624733
6/9/2021,176.8,84.51,179.9,175.5,176.1,1113064,5.624733
6/8/2021,178.1,84.45,180.4,175.9,176.6,971836,5.624733
6/7/2021,182.2,84.28,187.6,175.5,178.2,1244893,5.624733
6/3/2021,170.2,84.39,175,170.2,173.8,1090910,5.624733
6/2/2021,170.8,84.62,172,167.2,171.2,777051,5.624733
6/1/2021,171.7,84.4,172.7,168,168.8,1070806,5.624733
5/31/2021,170.5,84.54,173,170.2,171.7,539719,5.277149
5/27/2021,171.5,84.62,174,169.1,173.1,1221647,5.277149
5/25/2021,173.8,84.23,175,171.1,171.5,689259,5.277149
5/24/2021,175.8,84.7,176.3,172.7,173.3,727872,5.277149
5/20/2021,178.2,84.39,180.9,175.3,177,1104596,5.277149
5/19/2021,183,84.82,183.4,177.3,177.9,1723747,5.277149
5/18/2021,180,84.62,184,178,182.7,931601,5.277149
5/17/2021,180.1,84.51,183,177,177.8,1009216,5.277149
5/12/2021,187,84.51,187.4,183.5,184.1,1026214,5.277149
5/11/2021,190.1,84.45,191.6,187.5,188.9,1497955,5.277149
5/6/2021,184.9,84.62,185.8,182,184,2450265,5.277149
5/5/2021,185.8,84.39,187.3,182.7,183.5,929683,5.277149
5/4/2021,187.2,84.45,189,183.3,185.7,1778847,5.277149
5/3/2021,193,84.62,193,184.1,186.4,2190535,5.277149
4/29/2021,194.3,84.29,194.4,189.8,192,2315288,5.555157
4/28/2021,189.4,84.62,193.3,188.3,191.8,1237959,5.555157
4/27/2021,194.9,84.62,194.9,188.1,189.3,2699001,5.555157
4/26/2021,197.6,84.62,199.5,192.2,195.1,3520844,5.555157
4/22/2021,192.2,84.62,193,188.2,191.2,2324641,5.555157
4/21/2021,190,84.62,195.5,190,192.3,2228165,5.555157
4/20/2021,181.3,84.62,190.4,181.2,189.4,2552535,5.555157
4/19/2021,183.9,84.51,184.4,180.8,181.9,1029293,5.555157
4/15/2021,178,84.39,181.8,177,181.1,581062,5.555157
4/13/2021,170.1,84.51,178.3,169.1,177.2,664294,5.555157
4/12/2021,175.4,84.51,177.8,171,172.3,856884,5.555157
4/8/2021,183.5,84.62,183.5,177.7,178.1,558398,5.555157
4/7/2021,184.1,84.62,184.4,181.4,182,869398,5.555157
4/6/2021,182.9,84.35,184,180.1,182.6,874142,5.555157
4/5/2021,177.9,84.16,183.7,177.6,182.6,539496,5.555157
4/1/2021,185,84.62,185.8,181,184.8,1038316,5.555157
3/31/2021,188,84.62,188.8,183.5,185.4,1868490,5.485752
3/29/2021,188.9,84.39,191,186.6,189.1,2907704,5.485752
3/25/2021,183.7,84.2,187.5,180,186.2,2217929,5.485752
3/24/2021,189,84.37,189.4,180.6,182.7,2485452,5.485752
3/23/2021,182.1,84.45,189.9,182,189.4,2912802,5.485752
3/22/2021,179,84.62,182,172.7,181,1887036,5.485752
3/18/2021,182,84.03,182.5,177.3,180.6,1665857,5.485752
3/16/2021,185.9,84.56,187.4,181.2,183.6,848761,5.485752
3/15/2021,187,84.37,187.6,184.5,185.3,931454,5.485752
3/11/2021,187,84.39,191.5,185.2,189.7,1519626,5.485752
3/10/2021,192.7,84.14,193.5,185.8,186.4,1279809,5.485752
3/9/2021,192.9,84.79,194.2,191.2,191.8,2033894,5.485752
3/8/2021,188.1,84.45,193,187.3,191.7,1245800,5.485752
3/4/2021,187.6,84.6,193.8,187,189.6,2481008,5.485752
3/3/2021,196.1,84.54,196.9,186.7,188.4,2452052,5.485752
3/2/2021,182.4,84.59,195.4,182.4,194.1,3340105,5.485752
3/1/2021,177.1,84.59,183,172.9,181.9,1366196,5.485752
2/25/2021,180.5,84.62,185,178.1,181.5,1213863,5.352594
2/24/2021,175.9,84.79,181.9,173.6,180.2,1365800,5.352594
2/23/2021,181,84.45,181.3,171.2,172.7,1913222,5.352594
2/22/2021,188,84.06,189,178,180.8,1263839,5.352594
2/18/2021,187.5,84.62,190.5,186,187.1,1534545,5.352594
2/17/2021,191.9,84.79,193.4,187.4,189.8,4192046,5.352594
2/16/2021,198.1,84.37,199.8,189.9,191.1,3781982,5.352594
2/15/2021,182.6,84.17,195.9,182.6,194.5,3994331,5.352594
2/11/2021,172.2,84.27,174.8,167.5,169.7,2171972,5.352594
2/10/2021,166,84.44,177.3,166,171.7,2986817,5.352594
2/9/2021,151.4,84.11,164.6,151.4,164.3,2852980,5.352594
2/8/2021,165,84.63,166.8,147.3,149.7,4022811,5.352594
2/4/2021,173.5,84.22,179.2,173.2,177.7,1468624,5.352594
2/3/2021,171,84.54,174.3,169.2,172.6,2407446,5.352594
2/2/2021,176.8,84.37,178,169.7,171,2698592,5.352594
2/1/2021,184.2,84.44,187,174.2,176.5,1866134,5.352594
1/28/2021,190,84.03,191.8,181.8,183.7,3288326,5.059176
1/27/2021,192.7,84.54,193.8,185.9,188.1,2365769,5.059176
1/26/2021,198.9,84.45,200.9,190.9,192.1,2633433,5.059176
1/25/2021,214.2,84.79,215,191,200.1,7434122,5.059176
1/21/2021,199,84.37,204.8,195.6,198.2,4167421,5.059176
1/20/2021,198.9,84.54,201.4,194.4,195.3,3602186,5.059176
1/19/2021,194.1,84.13,198,191.7,195.4,2947988,5.059176
1/18/2021,186.5,84.29,194,176,189,3819809,5.059176
1/14/2021,204.9,84.15,208.9,195.1,197.6,6096522,5.059176
1/13/2021,202,84.79,203.7,193.6,194.8,4483598,5.059176
1/12/2021,205,84.28,214.9,203,205.4,5496947,5.059176
1/11/2021,193.2,84.8,204,191.1,200.9,6944336,5.059176
1/7/2021,193,84.28,194.4,173,176.5,5676440,5.059176
1/6/2021,196.1,84.15,196.5,185,189.6,5212509,5.059176
1/5/2021,214,84.28,215,185.5,188.3,8215419,5.059176
1/4/2021,203.9,84.33,205,191.2,203.2,10416650,5.059176
12/30/2020,183.1,84.33,195.5,181.3,190.5,5283358,5.299835
12/29/2020,179.9,84.79,182,177,180.2,4455748,5.299835
12/28/2020,177,84.25,178.7,172.8,176.6,3664118,5.299835
12/24/2020,172.6,85.07,175,171,174.6,3999818,5.299835
12/23/2020,162.1,84.27,171.9,161.5,170.1,4992589,5.299835
12/22/2020,165,84.45,166.7,162.8,163.6,3565739,5.299835
12/21/2020,162.2,84.49,165.5,162.2,164.7,3458179,5.299835
12/17/2020,156.6,84.51,156.7,153.1,154.8,2739145,5.299835
12/15/2020,161,84.45,162.6,153.8,155.3,4591357,5.299835
12/14/2020,154,84.37,159.8,153,159,4106594,5.299835
12/10/2020,143.2,84.18,148.4,143.2,145.9,3533433,5.299835
12/9/2020,140.6,84.63,143.4,140.1,142.7,4201459,5.299835
12/8/2020,142,84.43,142.8,140.1,140.5,1783777,5.299835
12/7/2020,142.2,84.54,142.9,140.1,141.2,2808198,5.299835
12/3/2020,140.4,84.5,144.2,138.2,142.9,2013241,5.299835
12/2/2020,145,84.45,145,140,140.4,2461021,5.299835
12/1/2020,143.9,84.46,146.9,142.5,144.2,2211025,5.299835
11/30/2020,148.7,84.4,149.3,142.8,143.4,3641099,5.46424
11/26/2020,138,84.18,142.1,137,140.8,4154466,5.46424
11/24/2020,130.45,84.39,135.09,130.45,134.27,3105594.71,5.46424
11/23/2020,130.64,84.36,130.64,125.45,129.73,2390301.03,5.46424
11/19/2020,132.73,84.36,137.64,132.18,134.09,5005549.85,5.46424
11/18/2020,128.73,84.45,132.18,128.27,131.73,3291754.3,5.46424
11/17/2020,127.27,84.79,130.18,126.18,128.73,4955756.15,5.46424
11/16/2020,126,84.46,130,125.45,126.36,3584363.09,5.46424
11/12/2020,127.36,84.45,130.18,126.36,129,8422008.95,5.46424
11/11/2020,119.18,84.57,126.82,118.64,126,9148836.13,5.46424
11/10/2020,124.55,84.33,125.45,118.18,118.82,6178136.62,5.46424
11/9/2020,122.27,84.29,125.73,120.55,123.36,6538958.61,5.46424
11/5/2020,121.36,84.2,126.09,121.36,123.18,7657378.07,5.46424
11/4/2020,116.36,84.41,121.82,115.45,121.36,6756336.2,5.46424
11/3/2020,113.64,84.37,117.18,112.73,115.91,6408097.11,5.46424
11/2/2020,115.55,84.4,117.82,112.82,113.55,4971778.75,5.46424
10/29/2020,108.18,84.39,110,106.55,107.55,5840832.63,6.407688
10/28/2020,106.64,84.37,107.36,104.73,106.64,2019668.14,6.407688
10/27/2020,106.36,84.43,108.45,106,107.64,4308687.77,6.407688
10/22/2020,105,84.22,106.82,104.09,105.18,2283551.53,6.407688
10/21/2020,106.73,84.79,107,103.82,104.64,1968855.84,6.407688
10/20/2020,107.27,84.29,108.91,105.82,106.18,3371724.3,6.407688
10/19/2020,103,84.57,107.55,102.18,107.09,3235392.5,6.407688
10/15/2020,100.45,84.15,101.82,99.27,100.45,1779619.55,6.407688
10/14/2020,101.36,84.46,103.64,98.91,99.64,1753618.85,6.407688
10/13/2020,100.09,84.63,101.82,98.64,100.91,1307043.06,6.407688
10/12/2020,102.55,84.63,102.73,99.45,100.09,1534297.56,6.407688
10/8/2020,105.45,84.63,105.91,103.45,104,1817065.75,6.407688
10/7/2020,104.91,84.63,105.91,104.45,104.82,1314239.26,6.407688
10/6/2020,105,84.63,106.18,103.91,104.73,1855218.15,6.407688
10/5/2020,109.55,84.63,109.55,104.09,104.91,2810409.72,6.407688
10/1/2020,107.18,84.63,109.55,107.18,108.36,4159536.58,6.407688
9/30/2020,107.45,84.63,107.64,106.27,107.09,2131113.54,5.938861
9/29/2020,109.09,84.63,110.36,106.91,107.45,3061429.71,5.938861
9/28/2020,104.09,84.63,109.36,104.09,108.27,4748955.06,5.938861
9/24/2020,105.45,84.63,106.36,103.82,104.09,2199356.44,5.938861
9/23/2020,106.73,84.63,107.45,104.73,105.27,2638609.52,5.938861
9/22/2020,104.09,84.63,107.45,104.09,106,2867379.82,5.938861
9/21/2020,107.55,84.63,109,103.91,104.55,2218089.43,5.938861
9/17/2020,104.36,84.79,106.09,102.73,104.18,2562066.02,5.938861
9/16/2020,107.27,84.63,107.55,103.18,104.09,2888706.61,5.938861
9/15/2020,107.45,84.63,109.55,105.73,107.09,2989980.31,5.938861
9/14/2020,107.73,84.63,108.64,104.91,107.45,4739490.66,5.938861
9/10/2020,111,84.63,113.09,109.55,111.45,4986308.65,5.938861
9/9/2020,113.18,84.63,113.55,108.73,111,9468162.82,5.938861
9/8/2020,113.45,84.63,116,112.82,113.45,5767507.73,5.938861
9/7/2020,110,84.8,114.27,109.55,112.55,5389866.74,5.938861
9/3/2020,111.73,84.63,112.55,109,109.73,6960902.09,5.938861
9/2/2020,106,84.63,116.09,104.27,112.09,14022007.58,5.938861
9/1/2020,106.36,84.63,107.27,103.64,105.55,5948501.72,5.938861
8/31/2020,108.18,84.63,108.18,104.55,105,13044965.61,5.682455
8/27/2020,99.45,84.63,99.91,97.27,98.36,3250635.2,5.682455
8/26/2020,100.45,84.63,100.91,97.73,98.73,3769966.09,5.682455
8/25/2020,95.91,84.63,101.73,95.91,99.64,4047663.28,5.682455
8/24/2020,100.91,84.63,101.64,96.36,98,4180935.98,5.682455
8/20/2020,103.64,84.63,104.91,100.18,101.55,5431220.14,5.682455
8/19/2020,99.09,84.63,107.27,99.09,103.64,9031289.03,5.682455
8/18/2020,94.18,84.63,98.73,93.55,97.82,7425661.98,5.682455
8/17/2020,96.82,84.63,100.18,93.64,94.18,4390748.87,5.682455
8/13/2020,89.09,84.63,91.55,87.73,88.27,3549279.7,5.682455
8/12/2020,90,84.63,91.27,87.64,89,6347579.51,5.682455
8/10/2020,90.91,84.63,91.64,86,89.18,4618953.76,5.682455
8/6/2020,78.18,84.63,82.45,77.73,81.91,5397257.64,5.682455
8/5/2020,77.73,84.63,78.91,77.09,77.64,2920959.71,5.682455
8/4/2020,78.18,84.63,78.64,76.45,77.73,2725291.72,5.682455
8/3/2020,74.27,84.63,79.09,73.55,77.91,3891547.99,5.682455
7/30/2020,71,84.63,73.55,70.91,73.36,3877718.79,5.537423
7/29/2020,70,84.63,71.18,68.64,70.91,1427684.46,5.537423
7/28/2020,71.27,84.63,71.55,69.55,70,1904895.24,5.537423
7/27/2020,70,84.63,71.45,69.64,71.27,2188144.14,5.537423
7/23/2020,68.64,84.63,68.64,67.09,68,1049702.47,5.537423
7/22/2020,68.18,84.63,69.09,67.27,67.91,817635.48,5.537423
7/21/2020,67.55,84.63,68.91,67.09,68.64,1698797.05,5.537423
7/20/2020,64.73,84.63,68.09,64.45,67.64,1121946.07,5.537423
7/16/2020,69.91,84.63,70,66.82,67.55,2151260.04,5.537423
7/15/2020,68.55,84.63,70.18,68.18,69.45,2337323.93,5.537423
7/14/2020,66.45,84.63,69.09,66.27,68.55,2815783.22,5.537423
7/13/2020,66.64,84.63,67.82,65.45,66.45,1933368.74,5.537423
7/9/2020,63,84.63,67.09,62.64,65.82,3263119.1,5.537423
7/8/2020,61.82,84.63,63.45,61.09,63,2731518.82,5.537423
7/7/2020,60.18,84.63,62.09,60.18,61.82,1429256.36,5.537423
7/6/2020,59.82,84.63,60.73,58.27,60.18,1764452.75,5.537423
7/2/2020,62.91,84.63,62.91,57.27,60.64,1814577.55,5.537423
6/30/2020,62.18,84.63,63.27,61.45,62.91,2025213.24,6.003922
6/29/2020,60,84.63,62,60,61.55,2677255.82,6.003922
6/25/2020,58,84.73,59,57.73,58.91,1413649.56,6.003922
6/24/2020,57.27,84.73,58.09,56.64,57.82,1023358.57,6.003922
6/23/2020,57.82,84.79,58.18,57,57.27,1567109.45,6.003922
6/22/2020,57.73,84.73,57.91,57.36,57.45,992284.67,6.003922
6/18/2020,57.55,84.73,58,57.09,57.45,1134399.17,6.003922
6/17/2020,57.73,84.73,58,57.09,57.73,728936.98,6.003922
6/16/2020,56.91,84.73,58,56,57.73,1071870.77,6.003922
6/15/2020,58.91,84.73,58.91,56.36,56.91,1431363.96,6.003922
6/11/2020,60,84.73,61,59.27,60.27,1396793.16,6.003922
6/10/2020,58,84.73,60.27,58,60,1567811.25,6.003922
6/9/2020,57.73,84.73,58.55,57.73,58.09,896625.37,6.003922
6/8/2020,59.18,84.73,59.18,56.55,57.64,1048602.47,6.003922
6/4/2020,60,84.73,60.27,55.27,55.55,1218408.36,6.003922
6/3/2020,60.82,84.73,62.09,59.55,59.91,730506.68,6.003922
6/2/2020,64,84.94,65.18,59.18,60.82,982526.57,6.003922
6/1/2020,64.55,84.73,66.64,61.73,63.91,2581181.82,6.003922
3/25/2020,55.18,84.73,55.18,55.18,55.18,28795.8,5.517136
3/24/2020,55.18,84.73,55.18,55.18,55.18,24689.5,5.517136
3/23/2020,55.18,84.73,55.18,55.18,55.18,122290.3,5.517136
3/19/2020,56.27,84.73,56.27,56.27,56.27,2196.7,5.517136
3/18/2020,54.55,84.73,55.45,47.36,48.18,317135.49,5.517136
3/16/2020,57.27,84.73,58.09,51.82,52.55,343361.69,5.517136
3/12/2020,60,84.73,60.55,57.45,58.18,160052.2,5.517136
3/11/2020,59.09,84.78,60.91,58.18,60,529417.88,5.517136
3/10/2020,56.27,84.73,59.27,56.27,58.91,264247.49,5.517136
3/9/2020,60.09,84.73,60.09,56,56.18,278668.49,5.517136
3/5/2020,64.64,84.73,65,62.18,62.82,177972.29,5.517136
3/4/2020,65,84.73,65.82,64.55,65,177884.29,5.517136
3/3/2020,65.91,84.73,66,64.64,65.18,833292.88,5.517136
3/2/2020,65.91,84.73,66.27,64.82,64.91,209815.09,5.517136
2/27/2020,65.55,84.73,66.73,65.45,66.36,150889.2,5.517374
2/26/2020,66.55,84.73,66.55,64.91,65.18,112994.2,5.517374
2/25/2020,66.27,84.76,66.82,66.18,66.36,208628.19,5.517374
2/24/2020,66.27,84.76,67.18,66.27,66.73,143195.8,5.517374
2/20/2020,70.18,84.73,70.18,68.09,68.55,197158.49,5.517374
2/19/2020,69.64,84.73,70.27,67.91,69,321269.29,5.517374
2/18/2020,71.82,84.78,71.82,67.45,70.27,388870.89,5.517374
2/17/2020,72.73,84.78,73.45,70.27,71.18,195444.69,5.517374
2/13/2020,66.18,84.73,68.09,66.18,67.82,171758.39,5.517374
2/12/2020,65.91,84.73,67,65.82,66.18,142665.6,5.517374
2/11/2020,68.09,84.76,69.09,65.27,65.55,158467.1,5.517374
2/10/2020,66.82,84.76,67.27,65.73,66.18,107683.4,5.517374
2/6/2020,66.82,84.73,68.09,66.82,67.91,88061.6,5.517374
2/5/2020,66.55,84.73,67.36,66.45,67.27,45212.2,5.517374
2/4/2020,64.55,84.73,67.45,64.55,67.27,263781.09,5.517374
2/3/2020,66.55,84.73,67.64,66.45,67.27,69594.8,5.517374
1/30/2020,65.91,84.73,67.27,65.09,67,184348.99,5.617284
1/29/2020,67.27,84.65,67.27,65.82,65.91,185301.59,5.617284
1/28/2020,65.45,84.65,67.27,64.73,66.18,239636.09,5.617284
1/27/2020,66.36,84.65,67.09,65.09,66.18,118100.4,5.617284
1/23/2020,67.27,84.65,69.09,66.09,68,415930.89,5.617284
1/22/2020,63.91,84.65,68,63.91,67.27,303678.09,5.617284
1/21/2020,61.91,84.67,65.45,61.91,65,346969.69,5.617284
1/20/2020,60.91,84.67,64.18,60.91,63,881788.57,5.617284
1/16/2020,50,84.67,56.27,50,54.55,201709.19,5.617284
1/15/2020,51.55,84.67,53.91,51.55,52.09,91918.2,5.617284
1/14/2020,54.36,84.67,54.36,51.18,51.64,207338.99,5.617284
1/13/2020,56.27,84.67,56.27,54.09,54.36,80377,5.617284
1/9/2020,55.91,84.65,57.55,55.64,56.18,267195.49,5.617284
1/8/2020,58.18,84.65,58.18,55.64,55.82,138320.6,5.617284
1/7/2020,57.73,84.65,59.55,57.09,57.55,93948.8,5.617284
1/6/2020,59.27,84.69,60.64,57.73,58.09,149228.2,5.617284
1/2/2020,61.73,84.65,63,61.27,61.82,251622.79,5.617284
1/1/2020,62.73,84.65,63.91,60,61,238602.09,5.617284
12/30/2019,64.27,84.69,64.55,62.73,63.09,214886.09,5.760279
12/26/2019,64.82,84.94,65,64.55,64.82,42274.1,5.760279
12/24/2019,64.64,84.94,65.45,64.36,64.73,132860.2,5.760279
12/23/2019,65.09,84.65,65.45,64.64,64.91,20263.1,5.760279
12/19/2019,65.82,84.65,67.27,65.45,65.82,78756.7,5.760279
12/18/2019,65.45,84.65,65.45,63.64,64.64,65067.2,5.760279
12/17/2019,67.45,84.65,67.73,64.55,66,100036.2,5.760279
12/12/2019,69.09,84.65,69.09,68.18,68.27,51209.4,5.760279
12/11/2019,69.55,84.65,69.73,69.09,69.27,55966.9,5.760279
12/10/2019,69.55,84.7,70.45,68.73,68.91,60157.9,5.760279
12/9/2019,69.18,84.65,72.09,69.18,69.55,20538.1,5.760279
12/5/2019,72.73,84.65,72.73,71.36,71.55,45393.7,5.760279
12/4/2019,72.64,84.65,73.55,71.55,72.45,311790.59,5.760279
12/3/2019,72.45,84.65,72.73,71.45,72.45,294896.79,5.760279
12/2/2019,72.64,84.65,72.73,71.36,71.55,53912.1,5.760279
11/28/2019,73.36,84.94,74.36,72.09,72.91,191991.79,5.986204
11/27/2019,72,84.65,76.27,71.55,73.18,1535573.56,5.986204
11/26/2019,72.55,84.65,73.64,71.18,72,316183.99,5.986204
11/21/2019,74,84.65,74,71.09,72.55,159982.9,5.986204
11/20/2019,74.09,84.65,74.55,72.27,73.18,413605.49,5.986204
11/19/2019,73.18,84.65,74.45,72.82,73.73,227067.49,5.986204
11/18/2019,70.91,84.7,74.36,70.55,73.27,223079.99,5.986204
11/14/2019,72.55,84.65,72.64,70.45,71.45,145993.1,5.986204
11/13/2019,72.27,84.6,72.64,70.64,71.09,93027,5.986204
11/12/2019,70.64,84.6,72.64,70.45,72.36,187217.79,5.986204
11/11/2019,70.27,84.6,71.27,70.27,70.82,161473.4,5.986204
11/7/2019,70.73,84.6,70.82,70.09,70.45,20397.3,5.986204
11/6/2019,71.36,84.6,71.36,69.55,70.27,43038.6,5.986204
11/5/2019,70.73,84.6,71.73,69.64,70.91,49833.3,5.986204
11/4/2019,70.64,84.6,70.91,69.09,70.09,35079,5.986204
10/31/2019,68.64,84.89,74.45,66.91,70.36,237487.79,5.421263
10/30/2019,71.73,84.89,71.73,67.64,68.45,107288.5,5.421263
10/29/2019,70.91,84.6,73.45,69.45,70,276277.09,5.421263
10/28/2019,73.18,84.6,75,70.09,70.91,233831.39,5.421263
10/24/2019,72.73,84.6,72.73,71.36,72.09,121414.7,5.421263
10/23/2019,72.82,84.89,73.09,71.45,71.73,158320.8,5.421263
10/22/2019,73.09,84.6,73.64,72.91,73.27,128079.6,5.421263
10/21/2019,74.73,84.6,75,73.27,73.55,71309.7,5.421263
10/17/2019,74.82,84.6,75.45,74.55,75.09,37133.8,5.421263
10/16/2019,74.09,84.6,76.09,74.09,74.91,125438.5,5.421263
10/15/2019,74.27,84.6,75.45,74.18,75,96632.8,5.421263
10/14/2019,73.64,84.89,75.91,73.64,73.91,207996.79,5.421263
10/10/2019,75.45,84.89,75.55,74.73,75.09,91356.1,5.421263
10/9/2019,76.09,84.89,76.18,75.18,75.36,102930.3,5.421263
10/7/2019,76.18,84.6,76.36,74.73,75.73,144786.4,5.421263
10/3/2019,76.27,84.85,76.36,75.45,75.91,95085.1,5.421263
10/2/2019,75.91,84.6,76.64,75.36,76.27,118421.6,5.421263
10/1/2019,74.55,84.62,76.36,74.55,76,46130.7,5.421263
9/30/2019,76.55,84.89,77.18,76.18,76.45,683516.88,5.491182
9/26/2019,76.09,84.6,76.82,75.91,76.36,115683.7,5.491182
9/25/2019,76.18,84.6,77.18,75.73,76.27,67881,5.491182
9/24/2019,77.27,84.6,77.27,75.91,76.18,864525.17,5.491182
9/23/2019,75.64,84.6,77.27,75.45,76.73,241834.99,5.491182
9/19/2019,74.91,84.6,75.55,74.45,74.55,168188.9,5.491182
9/18/2019,75,84.6,75.36,74.73,74.91,68098.8,5.491182
9/17/2019,74.73,84.6,75.36,74.73,75,157154.8,5.491182
9/16/2019,74.82,84.6,75.91,74.64,75,103692.6,5.491182
9/12/2019,74.55,84.6,76.27,74.09,75.18,144185.8,5.491182
9/11/2019,75,84.6,75.45,73.82,75,261750.49,5.491182
9/9/2019,75.09,84.65,75.45,74.64,74.64,96844,5.491182
9/5/2019,74.36,84.89,75.91,74.09,75,92040.3,5.491182
9/4/2019,75.45,84.6,76.36,74.09,74.27,140421.6,5.491182
9/3/2019,75.18,84.6,76.36,74.09,75.09,108317,5.491182
9/2/2019,75.82,84.6,76.27,75.09,75.36,105015.9,5.491182
8/29/2019,76.09,84.6,76.64,75.45,76.36,357391.09,5.493769
8/28/2019,76.36,84.6,76.73,76.18,76.36,192446.09,5.493769
8/27/2019,75.27,84.6,77.18,75.27,76.55,178807.19,5.493769
8/26/2019,76.45,84.6,76.82,74.64,76.18,116733.1,5.493769
8/22/2019,76.45,84.6,77.64,76.45,77,145391.4,5.493769
8/21/2019,77.55,84.6,77.55,76.45,76.55,109627.1,5.493769
8/20/2019,76.82,84.6,78.18,76.82,77.36,213171.19,5.493769
8/19/2019,76,84.74,76.82,76,76.64,216472.29,5.493769
8/8/2019,75.27,84.74,75.27,74.45,74.82,238229.19,5.493769
8/7/2019,75,84.74,75.55,75,75.36,76545.7,5.493769
8/6/2019,74.73,84.74,76,74.73,74.91,164512.7,5.493769
8/5/2019,74.82,84.6,75.27,74.55,74.82,136015,5.493769
8/1/2019,74.64,84.5,76.09,74.55,75.64,111606,5.493769
7/31/2019,74.09,84.5,75.73,74.09,74.91,219650.19,5.639664
7/30/2019,74.18,84.5,75,74.18,74.27,105634.1,5.639664
7/29/2019,74.18,84.5,75.18,74.18,74.82,160523,5.639664
7/25/2019,75.09,84.5,75.09,74.18,74.45,165847,5.639664
7/24/2019,73.18,84.5,75.82,73.18,75.18,232762.19,5.639664
7/23/2019,71.82,84.5,74.55,71.82,74.36,231366.29,5.639664
7/22/2019,73.18,84.5,74.09,71.82,72.18,160640.7,5.639664
7/18/2019,72.73,84.5,73.09,71.91,72.45,108463.3,5.639664
7/17/2019,73.09,84.5,74.55,72.73,72.91,69770.8,5.639664
7/16/2019,72.82,84.5,73.45,72.73,72.82,79170.3,5.639664
7/15/2019,74.45,84.69,74.45,72.82,73.36,121485.1,5.639664
7/11/2019,74.27,84.5,75.09,74.27,74.45,80554.1,5.639664
7/10/2019,73,84.25,74.55,73,74.27,133177,5.639664
7/9/2019,74.18,84.25,74.36,73.09,73.27,85622.9,5.639664
7/8/2019,73.64,84.25,75.18,73.64,74.82,406690.89,5.639664
7/4/2019,75.45,84.25,76.45,75.09,76.36,102653.1,5.639664
7/3/2019,75.64,84.25,77.09,74.45,76.45,537815.28,5.639664
7/2/2019,75.45,84.49,75.91,73.27,75.18,471789.99,5.639664
6/27/2019,73.73,84.49,75.36,73.27,74.82,430440.99,5.490134
6/26/2019,72.18,84.25,73.91,71.64,73.64,412262.39,5.490134
6/25/2019,72,84.25,72.64,71.55,72.18,366593.69,5.490134
6/24/2019,71.36,84.25,72.64,71.27,71.91,276966.79,5.490134
6/20/2019,70.91,84.25,72.45,70.82,71.09,410521.09,5.490134
6/19/2019,70.91,84.25,71.82,70.82,71,245079.99,5.490134
6/18/2019,71,84.25,71.64,70.45,70.73,450889.99,5.490134
6/17/2019,72.36,84.25,73,70.82,71.09,484074.79,5.490134
6/13/2019,73.64,84.25,73.64,72.73,73.18,345366.99,5.490134
6/12/2019,74.09,84.25,74.55,72.82,73.55,292262.29,5.490134
6/11/2019,73.18,84.25,74.18,73.18,74,443308.79,5.490134
6/10/2019,72.73,84.25,73.64,72,73.45,308652.29,5.490134
5/30/2019,71.36,84.25,71.45,70.73,71,307541.29,5.621077
5/29/2019,70.91,84.25,71.36,70.73,70.91,907615.47,5.621077
5/28/2019,70.18,84.49,71.36,70.18,70.91,730079.88,5.621077
5/27/2019,70.73,84.25,71.27,70.09,70.73,349412.79,5.621077
5/23/2019,70.45,84.49,70.82,70.18,70.55,95224.8,5.621077
5/22/2019,70.64,84.49,70.64,69.82,70.36,328582.09,5.621077
5/21/2019,70.27,84.49,70.91,69.73,70.27,106554.8,5.621077
5/20/2019,71,84.49,71,69.73,69.91,191016.09,5.621077
5/16/2019,71.09,84.49,71.09,69.91,70.45,126701.3,5.621077
5/15/2019,71.27,84.25,71.64,70.55,70.73,150507.5,5.621077
5/14/2019,72.55,84.25,72.55,71,71.36,166133,5.621077
5/13/2019,72.55,84.25,73.09,72.36,72.64,64504,5.621077
5/9/2019,73.55,84.25,74.09,72.36,72.64,427827.39,5.621077
5/8/2019,73.18,84.25,73.64,72.64,72.73,626859.18,5.621077
5/7/2019,74.73,84.25,74.73,73.09,73.18,125281.2,5.621077
5/6/2019,76.27,84.25,76.27,74.09,74.36,191788.29,5.621077
5/2/2019,73.64,84.25,74.91,73.64,74.55,751869.78,5.621077
4/30/2019,72.73,84.25,74.55,72.73,73.45,1133810.67,5.579434
4/29/2019,73.45,84.25,73.45,71.36,72.55,201409.99,5.579434
4/25/2019,73.45,84.25,73.45,70.55,71,202082.09,5.579434
4/24/2019,72.82,84.25,73.64,72.27,73.45,42280.7,5.579434
4/23/2019,74,84.25,75.18,72.73,73.09,57643.3,5.579434
4/18/2019,75,84.25,75.91,74.64,75.64,192244.79,5.579434
4/17/2019,73.18,84.17,75.64,72.36,74.82,80836.8,5.579434
4/16/2019,75.45,84.17,75.45,71.82,73.91,287904.09,5.579434
4/15/2019,75.45,84.24,75.73,74.82,75.18,26925.8,5.579434
4/11/2019,76.27,84.25,76.36,75.27,75.73,105912.4,5.579434
4/10/2019,76,84.24,76,75.45,75.55,204223.79,5.579434
4/9/2019,75.73,84.25,76.55,75.55,76.18,52488.7,5.579434
4/8/2019,75.45,84.25,77,75.18,75.64,132063.8,5.579434
4/4/2019,76.64,84.41,77.91,76.64,77.18,93357,5.579434
4/3/2019,77.73,84.41,77.73,76.36,76.91,125638.7,5.579434
4/2/2019,76.82,84.42,78.18,76.36,77.73,52894.6,5.579434
4/1/2019,76.36,84.49,77.73,76.27,76.45,160964.1,5.579434
3/28/2019,77.64,84.42,77.73,77.55,77.64,22882.2,5.591641
3/27/2019,77.73,84.41,78.18,77.27,77.64,38450.5,5.591641
3/25/2019,77.09,84.42,79.09,77.09,78.45,236891.59,5.591641
3/21/2019,78.45,84.49,78.91,78.18,78.36,79867.7,5.591641
3/20/2019,78.64,84.49,79.09,78.18,78.45,267390.19,5.591641
3/19/2019,79.09,84.42,79.09,78,78.18,195372.09,5.591641
3/18/2019,78.45,84.42,78.55,77.91,78.27,162761.5,5.591641
3/14/2019,78.36,84.49,79.55,78.18,78.45,208977.99,5.591641
3/13/2019,79.36,84.42,79.36,78.55,78.64,118796.7,5.591641
3/12/2019,78.82,84.42,80.27,78.64,79.45,168098.7,5.591641
3/11/2019,79.82,84.42,80,78.36,78.82,250452.39,5.591641
3/7/2019,80.36,84.41,80.55,79.09,79.18,113186.7,5.591641
3/6/2019,80.27,84.42,81.64,80.18,80.36,127429.5,5.591641
3/5/2019,81.27,84.42,81.55,79.27,80.55,237585.69,5.591641
3/4/2019,80.91,84.42,80.91,79.09,80.09,331031.79,5.591641
2/27/2019,83.91,84.42,84,82.45,82.73,347093.99,5.53507
2/26/2019,82.91,84.49,85,82.82,84,541465.08,5.53507
2/25/2019,82.73,84.27,84.09,82.73,82.91,508328.69,5.53507
2/20/2019,81.09,84.27,81.91,80.64,81.55,155741.3,5.53507
2/19/2019,80.45,84.08,80.91,80,80.55,232594.99,5.53507
2/18/2019,80.91,84.16,81.82,80.73,80.91,187493.89,5.53507
2/14/2019,80.55,84.09,81.73,80,81.09,197165.09,5.53507
2/13/2019,81.64,84.25,81.64,80.91,81.18,114758.6,5.53507
2/12/2019,80.82,83.93,81.82,80.82,81.64,305341.29,5.53507
2/11/2019,80.55,84.17,81.27,80.55,80.91,166006.5,5.53507
2/7/2019,82.73,83.77,82.82,80.82,81.09,534282.08,5.53507
2/6/2019,81.55,84.49,82.82,79.91,82.36,540237.48,5.53507
2/5/2019,79.73,83.85,82.91,78.82,81.55,186905.39,5.53507
2/4/2019,79.45,83.85,79.45,78.45,79.09,131274,5.53507
1/31/2019,80.91,84.01,81.36,78.18,79.09,211014.09,5.46875
1/30/2019,81.27,83.93,81.64,80.27,80.45,198822.79,5.46875
1/29/2019,82.18,83.84,82.18,80.82,81.27,248550.49,5.46875
1/28/2019,79.18,83.69,82.64,79.18,81,518357.38,5.46875
1/24/2019,79.64,83.93,80.27,79.55,80.09,369587.89,5.46875
1/23/2019,79.27,84.01,80.18,78.82,79.18,353201.19,5.46875
1/22/2019,78.18,84.17,79.55,78,79,449234.49,5.46875
1/21/2019,78.18,84.33,78.73,77.27,78.55,473390.49,5.46875
1/17/2019,77,84.17,77.64,76.64,77,260873.79,5.46875
1/16/2019,77.18,84.44,78.55,77,77.64,721491.08,5.46875
1/15/2019,77.73,84.27,78.18,73.73,76.91,588833.28,5.46875
1/14/2019,78.27,84.27,79,72.45,77.73,304377.69,5.46875
1/10/2019,78.73,83.8,78.73,77.73,78.27,280191.99,5.46875
1/9/2019,78.55,84.44,78.91,77.73,78.09,574135.08,5.46875
1/8/2019,77.73,83.55,78.73,76.45,78.55,708739.88,5.46875
1/7/2019,78.18,83.65,78.18,75.45,77.18,569614.08,5.46875
1/3/2019,74.36,83.86,77.73,74.36,76.64,1334644.26,5.46875
1/2/2019,75.09,83.94,75.45,72.73,73.91,678243.48,5.46875
1/1/2019,73.09,83.94,75.45,73.09,74.55,672527.88,5.46875
12/27/2018,70.91,84.34,72.18,70.55,71.91,257726.69,5.400875
12/26/2018,69.36,83.94,71.36,69.27,70.55,1295233.46,5.400875
12/24/2018,68.73,84.02,69.55,68.64,69.27,237475.69,5.400875
12/20/2018,68.18,83.62,68.18,67.45,67.73,288075.69,5.400875
12/19/2018,68.45,83.78,68.45,67.64,67.82,112454.1,5.400875
12/18/2018,67.73,83.62,68.64,67.64,67.82,55587.4,5.400875
12/17/2018,67.55,83.97,68.55,67.55,67.73,236438.39,5.400875
12/13/2018,68,83.57,68,67.27,67.55,34986.6,5.400875
12/12/2018,67.73,83.85,68.27,66.91,67.36,76707.4,5.400875
12/11/2018,69,83.77,69.09,67.27,67.55,140138.9,5.400875
12/10/2018,69.27,83.6,69.45,68,68.18,178625.69,5.400875
12/6/2018,72.27,83.76,72.27,70.82,71.18,77268.4,5.400875
12/5/2018,72.73,83.51,72.73,71.36,71.73,58360.5,5.400875
12/4/2018,73.27,83.94,73.64,72.55,72.73,168044.8,5.400875
12/3/2018,72,83.44,73.64,71.91,73.27,272170.79,5.400875
11/29/2018,69.91,83.44,72.73,69.91,71.73,176153.99,5.319542
11/28/2018,70.27,83.51,71.36,69.55,69.82,120441.2,5.319542
11/27/2018,69.73,83.68,71.55,69.73,71.36,155636.8,5.319542
11/22/2018,70.91,83.68,72.55,70.82,72.45,119271.9,5.319542
11/20/2018,70.55,83.64,72.09,70.45,71.64,315571.29,5.319542
11/19/2018,71.36,83.72,71.64,70.45,70.82,134644.4,5.319542
11/15/2018,70.91,83.67,72.45,69.45,71.64,550270.58,5.319542
11/14/2018,73.18,83.35,73.82,70.45,71.64,778259.88,5.319542
11/13/2018,72.27,83.4,73,71.36,72.64,336263.39,5.319542
11/12/2018,71.18,83.8,73.36,71.18,72,389201.99,5.319542
11/8/2018,70,83.56,71.36,69.91,70.36,316331.39,5.319542
11/7/2018,68.27,83.77,70.91,68,70,351678.79,5.319542
11/6/2018,67.82,83.87,69.09,67.82,68.27,164749.2,5.319542
11/5/2018,68.45,83.4,68.73,68.09,68.18,88728.2,5.319542
11/1/2018,70.09,83.64,70.09,68.18,68.27,201316.49,5.319542
10/31/2018,67.91,83.56,69.36,67.09,69,795798.28,5.322567
10/30/2018,66.82,83.54,68.18,65.82,67.73,461688.69,5.322567
10/29/2018,64.27,84.1,66.82,64.27,66.27,180761.89,5.322567
10/25/2018,67.82,84.1,68.18,66.36,66.82,96990.3,5.322567
10/24/2018,67.73,84.1,69.09,66.82,67.64,115121.6,5.322567
10/23/2018,68.64,83.47,69.09,66.36,67.73,187438.89,5.322567
10/22/2018,69.73,83.52,70,68.18,68.55,236945.49,5.322567
10/18/2018,70.91,83.6,70.91,69.45,69.91,218084.89,5.322567
10/17/2018,72.64,83.34,72.64,70.55,70.82,211493.69,5.322567
10/16/2018,72.18,83.58,72.73,71.36,72.45,258237.09,5.322567
10/15/2018,73.36,83.5,73.45,71.45,72.18,232174.79,5.322567
10/11/2018,74,83.74,76.27,74,74.55,970513.47,5.322567
10/10/2018,74.91,83.66,75.18,73.64,73.91,154669.9,5.322567
10/9/2018,73.64,83.26,77,73.64,74.82,921464.47,5.322567
10/8/2018,73.55,83.58,74.09,73,73.36,361409.39,5.322567
10/4/2018,73.91,83.61,75.09,71.82,72.55,530671.88,5.322567
10/3/2018,73.91,83.78,75.27,73.64,73.91,117363.4,5.322567
10/2/2018,75,83.42,75.82,73.64,73.82,129960.6,5.322567
10/1/2018,74.55,83.26,75.36,73.73,73.91,69411.1,5.322567
9/27/2018,75.27,83.66,75.27,73.82,74.27,136539.7,5.333058
9/26/2018,75.36,83.94,75.82,74.55,75.27,197572.09,5.333058
9/25/2018,74.73,83.18,76.45,74.27,75.27,258564.89,5.333058
9/24/2018,75.82,83.42,77.18,74.64,74.73,210658.79,5.333058
9/20/2018,77.45,83.42,77.82,74.45,75.09,595035.08,5.333058
9/19/2018,78.18,83.5,78.45,77.27,77.45,241025.39,5.333058
9/18/2018,78.18,83.42,79.09,77.73,78.09,94531.8,5.333058
9/17/2018,79.82,83.18,79.82,77.55,77.82,248650.59,5.333058
9/13/2018,80,83.42,80.18,78.73,79.18,250933.09,5.333058
9/12/2018,80.64,83.58,80.82,79.55,79.82,124072.3,5.333058
9/11/2018,80.55,83.63,81.64,79.18,80.09,435675.89,5.333058
9/10/2018,80.73,83.45,81.36,80.36,80.55,121238.7,5.333058
9/6/2018,81.18,83.85,82.73,80.64,80.82,282314.99,5.333058
9/5/2018,80.55,83.61,81.82,80.45,80.91,194347.99,5.333058
9/4/2018,80,83.45,82.36,80,80.64,150053.2,5.333058
9/3/2018,81,83.48,81.36,80.73,80.82,188817.19,5.333058
8/30/2018,81.36,83.72,82,80.27,80.82,307042.99,5.478597
8/29/2018,82.18,83.44,82.18,81.18,81.45,150173.1,5.478597
8/28/2018,83.55,83.24,83.73,81.36,81.91,269913.59,5.478597
8/27/2018,82.91,83.56,85,82.73,83.36,510970.88,5.478597
8/20/2018,79,83.48,79.91,78.45,78.55,264841.49,5.478597
8/16/2018,79.64,83.72,80,78.64,78.82,344323.09,5.478597
8/14/2018,79.27,83.66,79.73,78.91,79.55,106373.3,5.478597
8/13/2018,80.91,83.56,80.91,76.82,78.45,351320.19,5.478597
8/9/2018,80.91,83.5,83.18,80,80.55,253276.09,5.478597
8/8/2018,81.36,83.49,83.36,80.09,80.45,322864.29,5.478597
8/7/2018,80.09,83.48,81.82,80.09,81.36,241689.79,5.478597
8/6/2018,80.45,83.24,81.36,80,80.36,101071.3,5.478597
8/2/2018,80.73,83.08,82.27,80.45,80.91,193201.79,5.478597
8/1/2018,80.91,83.88,81.36,80.36,80.73,82745.3,5.478597
7/31/2018,80.73,83.65,81,80,80.18,198774.39,5.564388
7/30/2018,81.82,83.74,81.82,80.36,80.73,170623.19,5.564388
7/26/2018,82.73,83.48,83.18,81.27,81.91,408957.99,5.564388
7/25/2018,83.09,83.72,83.45,82.36,82.55,378855.39,5.564388
7/24/2018,84.09,83.88,84.36,82.91,83.09,374733.69,5.564388
7/23/2018,84.82,83.07,86.82,84.09,84.36,631347.18,5.564388
7/19/2018,83.36,83.15,83.55,82.36,82.55,659053.98,5.564388
7/18/2018,83.82,83.63,83.82,82,82.55,339604.09,5.564388
7/17/2018,82.09,83.6,82.91,81.82,82.27,279011.69,5.564388
7/16/2018,82.55,83.64,83.36,81.82,82,270367.89,5.564388
7/12/2018,84.73,83.36,85.18,82.27,83,273478.69,5.564388
7/11/2018,83.55,83.82,87.27,83.55,84.64,459438.09,5.564388
7/10/2018,84.09,83.61,84.09,82.45,83.55,467320.69,5.564388
7/9/2018,84.18,83.52,84.82,83,83.45,229590.89,5.564388
7/5/2018,83.18,83.42,83.64,82,83.18,322012.89,5.564388
7/4/2018,81.55,83.74,82.82,81.45,81.55,332427.69,5.564388
7/3/2018,83.64,83.7,84.55,81.45,81.73,379906.99,5.564388
7/2/2018,85.45,83.77,86.36,82.73,83.55,306993.49,5.564388
6/28/2018,87.55,85.02,88.36,85,85.36,272021.19,5.493768
6/27/2018,88.82,84.78,89.55,86.36,87.45,541934.78,5.493768
6/26/2018,87.73,85.05,88.09,86.82,87.45,867711.87,5.493768
6/25/2018,89.18,85,89.91,87.36,87.73,344090.99,5.493768
6/21/2018,87.91,84.95,90,87.45,89.09,806827.98,5.493768
6/20/2018,86.91,84.6,88.18,86.45,87.09,222602.59,5.493768
6/19/2018,86.73,84.75,87,85.36,85.55,256276.89,5.493768
6/18/2018,87.27,83.69,89.09,85.09,86.73,120755.8,5.493768
6/12/2018,87.73,83.67,88.18,87.09,87.27,219511.59,5.493768
6/11/2018,88,83.68,88,86.55,87.27,109893.3,5.493768
6/7/2018,91.73,83.62,91.73,88.64,89.18,170173.3,5.493768
6/6/2018,91.73,83.57,92.73,89.64,90.18,106559.2,5.493768
6/5/2018,92.73,83.69,93,90.73,90.91,307264.09,5.493768
6/4/2018,90.09,83.68,92.73,89.55,92,412386.69,5.493768
5/31/2018,91.27,83.55,91.27,88.18,89.36,309290.29,5.5579
5/30/2018,90.91,83.68,91.82,89.45,90.09,222612.49,5.5579
5/29/2018,91.82,83.74,92.36,90.18,90.73,190946.79,5.5579
5/28/2018,91.27,83.68,92.73,90.09,90.45,115106.2,5.5579
5/24/2018,90.82,83.59,92.09,90.64,91.36,377219.69,5.5579
5/23/2018,91.09,83.64,91.82,90,90.55,134160.4,5.5579
5/22/2018,91.82,83.62,92.55,90.55,91.09,333147.09,5.5579
5/21/2018,91.73,83.58,93.91,91,91.27,248388.79,5.5579
5/17/2018,92.91,83.68,94.55,90,90.82,201376.99,5.5579
5/16/2018,93.73,83.7,94,93,93.45,298293.59,5.5579
5/15/2018,93.73,83.78,94.27,93.64,94,134270.4,5.5579
5/14/2018,93.73,83.69,94.36,93.36,93.91,242461.99,5.5579
5/10/2018,93.18,83.69,94.91,93.18,94,171172.09,5.5579
5/9/2018,95.09,83.6,95.82,92.64,93.73,166980,5.5579
5/8/2018,95.55,83.59,95.82,93.73,94.09,220476.29,5.5579
5/7/2018,95.91,83.58,96.45,95.36,95.55,143235.4,5.5579
5/3/2018,96,83.61,97.82,96,97.45,240901.09,5.5579
4/30/2018,97.73,83.68,98.18,95.55,95.91,264837.09,5.65293
4/26/2018,96.09,83.52,98.45,96.09,96.91,267106.39,5.65293
4/25/2018,96.27,83.67,97.27,96.18,96.55,65663.4,5.65293
4/24/2018,96.73,83.81,98.09,95.55,95.73,314048.89,5.65293
4/23/2018,97.09,83.81,97.64,96.09,96.36,184010.19,5.65293
4/19/2018,96.73,83.77,98.91,96.45,98.45,482883.49,5.65293
4/18/2018,97.18,83.82,97.18,96.36,96.73,97517.2,5.65293
4/17/2018,97.09,83.95,98.18,96.73,97.45,359385.39,5.65293
4/16/2018,95.82,83.81,97,95.36,96.73,210577.39,5.65293
4/12/2018,97,83.81,97.45,95,95.55,208404.89,5.65293
4/11/2018,97.18,83.81,97.91,96.45,96.91,292816.69,5.65293
4/10/2018,99.27,84.03,99.45,96,96.45,386637.89,5.65293
4/9/2018,98.64,84.5,99.45,98.18,98.91,720474.68,5.65293
4/5/2018,96.55,84.5,99.27,96.27,99.09,1185424.87,5.65293
4/4/2018,97.18,84.5,97.55,96.36,97,427430.29,5.65293
4/3/2018,97.73,84.5,99.36,96.18,96.55,1348674.76,5.65293
4/2/2018,96.36,84.5,97.64,95.09,97.09,999294.97,5.65293
3/29/2018,91.36,84.5,94,91.36,93.45,477758.59,5.733055
3/28/2018,92.27,84.5,92.27,90.91,91.18,217007.99,5.733055
3/27/2018,91.09,84.5,91.82,90.64,91,105834.3,5.733055
3/22/2018,92.91,84.5,93.09,91.27,92.64,141268.6,5.733055
3/21/2018,93.18,84.5,94.09,92.09,92.73,315363.39,5.733055
3/20/2018,93,84.5,94.55,92.45,93.73,320726.99,5.733055
3/19/2018,94.36,84.5,94.36,93,93.64,152432.5,5.733055
3/15/2018,91.82,84.5,94.82,91.82,94.36,413207.29,5.733055
3/14/2018,92.36,84.5,92.73,91.27,91.82,290853.19,5.733055
3/13/2018,93.73,84.5,93.91,90.82,91.36,261111.39,5.733055
3/12/2018,95.36,84.5,95.36,93.64,93.82,196408.29,5.733055
3/8/2018,94.18,84.5,94.91,94.09,94.55,180702.49,5.733055
3/7/2018,95.82,84.5,95.91,93.45,94.55,1081962.17,5.733055
3/6/2018,96,84.5,96.55,95.36,95.64,377853.29,5.733055
3/5/2018,96.45,83.81,97.64,95.73,96,422751.99,5.733055
3/1/2018,95.73,83.8,96.36,95.36,96,478349.29,5.733055
2/28/2018,96.36,83.8,97.64,94.55,95.64,730244.88,5.764121
2/27/2018,96.18,83.9,97.09,95,96.45,775677.08,5.764121
2/26/2018,96.18,83.97,97.45,94.18,95.36,536386.38,5.764121
2/22/2018,97.09,83.83,98.82,96.55,96.73,471486.39,5.764121
2/20/2018,97.82,83.83,98.36,96,96.27,914126.37,5.764121
2/19/2018,98.36,83.8,98.64,96.55,97.09,598787.18,5.764121
2/15/2018,101.64,83.75,102.18,99.09,99.82,714166.18,5.764121
2/14/2018,99.36,84.5,102.27,99.36,101.18,1578659.45,5.764121
2/13/2018,99.45,84.5,100,98.36,98.82,672311.18,5.764121
2/12/2018,101.45,84.5,101.82,98.82,99.36,331478.39,5.764121
2/8/2018,101.64,84.5,102.36,100.27,101.64,724058.48,5.764121
2/7/2018,99.27,84.5,103.18,98.27,101,2765805.82,5.764121
2/6/2018,99.27,84.5,100.82,98.91,99.27,880511.47,5.764121
2/5/2018,97.09,84.5,100.09,95.91,99.18,2131354.44,5.764121
2/1/2018,96.82,84.6,97.27,96.18,97.09,391202.89,5.764121
1/31/2018,96.36,84.53,98,94.64,96.73,428954.89,5.917338
1/30/2018,99,84.53,99.27,95.45,96.27,576938.98,5.917338
1/29/2018,98.27,84.65,99.55,96.27,98.64,797978.48,5.917338
1/25/2018,100.09,84.65,100.36,98.36,99.27,853062.07,5.917338
1/24/2018,100.18,83.8,102.36,99.27,100.36,1832046.65,5.917338
1/23/2018,97.73,84.65,100.73,97.27,100.09,4010209.38,5.917338
1/22/2018,97.73,84.65,98.64,95.55,97.27,847118.77,5.917338
1/18/2018,93.73,84.5,94.36,93,93.73,265049.39,5.917338
1/17/2018,93.64,83.79,94.64,92.73,93.73,267104.19,5.917338
1/16/2018,92.27,84.5,94.55,91.82,93.64,74360,5.917338
1/15/2018,94.45,84.5,94.45,91.91,92.27,346624.29,5.917338
1/11/2018,94.18,84.5,95.55,94,95.18,219179.39,5.917338
1/10/2018,94.91,83.77,95.36,94,94.73,128620.8,5.917338
1/9/2018,94.55,83.79,95.91,94,94.27,240992.39,5.917338
1/8/2018,94.55,84.8,95.27,93.45,93.64,155586.2,5.917338
1/4/2018,94.55,84.8,95.64,94,95.36,143425.7,5.917338
1/3/2018,95.45,84.8,95.55,93.64,93.91,478542.89,5.917338
1/2/2018,95.36,84.18,96.73,94.36,94.55,250627.29,5.917338
1/1/2018,95.18,83.16,96.36,93.82,94.55,112062.5,5.917338
12/28/2017,92.64,84.73,95.73,92.55,94.36,344084.39,5.915212
12/27/2017,92.91,84.73,93.64,91.36,93,352557.69,5.915212
12/26/2017,93.09,84.73,93.64,91.91,93.36,97502.9,5.915212
12/21/2017,93.64,83.03,94.27,93.64,93.73,105567,5.915212
12/20/2017,94.09,84.73,94.45,93.82,93.91,202824.59,5.915212
12/19/2017,95.18,84.6,95.18,93.91,94.09,228431.49,5.915212
12/18/2017,94.73,84.6,95.45,94.45,94.64,282746.19,5.915212
12/14/2017,95.27,84.6,96.18,94.09,95.45,238028.99,5.915212
12/13/2017,94.82,84.6,95.73,94.27,94.91,583549.98,5.915212
12/12/2017,94.55,84.6,95.73,93.73,93.91,353118.69,5.915212
12/11/2017,93.73,84.55,95,93.55,94.27,638522.48,5.915212
12/7/2017,94.09,84.55,94.36,93.73,94,302466.99,5.915212
12/6/2017,93.82,83.06,95,93.64,93.91,459688.89,5.915212
12/5/2017,94.82,83.02,95.64,93.64,93.91,363392.69,5.915212
12/4/2017,94.45,83.01,96.73,93.09,94.36,859190.17,5.915212
11/30/2017,95.36,83.03,96.36,94.09,94.45,305868.19,5.903065
11/29/2017,94.27,83.04,95.73,93.45,95.45,289846.69,5.903065
11/28/2017,94.91,83.05,96.36,94.18,94.73,409697.19,5.903065
11/27/2017,98.18,82.95,98.18,94.36,95,1002510.27,5.903065
11/23/2017,97.18,83.05,98.45,95.82,97.27,392508.59,5.903065
11/22/2017,99.09,83,99.09,95.45,96.09,596808.28,5.903065
11/21/2017,97.45,83.01,100.55,97.45,98.36,1522647.46,5.903065
11/20/2017,98.45,83.05,100.55,98.09,98.45,1521239.46,5.903065
11/16/2017,95.91,83.05,100,95.91,97.18,416007.89,5.903065
11/14/2017,97.55,83.04,99.36,94.55,96.36,567758.38,5.903065
11/13/2017,99.09,84.01,99.82,95.45,97,282279.79,5.903065
11/9/2017,95.55,83.05,100.45,95.55,99.64,2133770.04,5.903065
11/8/2017,90.55,83.05,97.27,90.45,95.55,731286.58,5.903065
11/7/2017,89.55,83.03,91.82,89.55,90.36,289570.59,5.903065
11/6/2017,88.91,83.01,90.91,88.91,90,290045.79,5.903065
11/2/2017,88.45,83.03,92.45,88.18,91.64,499289.99,5.903065
11/1/2017,88.36,83.03,89.09,87.64,88.36,539174.88,5.903065
10/31/2017,88.73,83.01,90,86.91,88.55,321256.09,5.953732
10/30/2017,83.64,83.03,89.55,83.64,88.73,634245.68,5.953732
10/26/2017,93.18,83.01,93.18,87.18,87.55,1223771.96,5.953732
10/25/2017,94.55,83.04,95.27,93.45,94.45,310522.29,5.953732
10/24/2017,95.45,83.03,95.73,92.27,93.36,673241.78,5.953732
10/23/2017,96.36,83.03,96.36,95,95.27,272034.39,5.953732
10/19/2017,97.27,83.04,98.27,96.64,97,230655.69,5.953732
10/18/2017,98.18,83.03,98.82,97.27,97.64,246409.89,5.953732
10/17/2017,99,83.02,99,97.36,98.09,271281.99,5.953732
10/16/2017,98.18,83.05,99.55,97.18,97.73,642211.88,5.953732
10/12/2017,98.27,83.02,98.55,96.09,97.27,705972.28,5.953732
10/11/2017,100,83.01,100,96.73,98.09,677905.78,5.953732
10/10/2017,101.36,83.02,101.36,97.09,97.36,700300.68,5.953732
10/9/2017,101.09,83.04,101.73,99.55,100.82,1504814.26,5.953732
10/5/2017,97.09,83.06,99.45,97.09,98.18,892119.77,5.953732
10/4/2017,95.45,83.01,97.27,93.64,96.18,527899.88,5.953732
10/3/2017,95.45,83.14,97.55,92.64,93.36,912059.47,5.953732
10/2/2017,99.82,82.98,99.82,94.55,94.73,688236.98,5.953732
9/28/2017,96.82,83.14,98.09,96.27,97.09,541964.48,6.004123
9/27/2017,97.36,83.01,98.18,96.64,97.64,607085.58,6.004123
9/26/2017,99.36,83.01,99.91,97.27,97.55,444399.99,6.004123
9/25/2017,99.55,82.92,99.55,98.55,99,280875.09,6.004123
9/21/2017,97.73,83.08,99.91,97.55,98.36,314740.79,6.004123
9/20/2017,99.55,83,100,98.18,98.27,512396.48,6.004123
9/19/2017,100.09,83,100.55,98.18,99,688392.08,6.004123
9/18/2017,102.64,83,102.64,100.36,100.91,769958.18,6.004123
9/14/2017,98.36,83,103,98.36,102.45,2057822.74,6.004123
9/13/2017,97.55,83.01,99.09,97.55,98.09,581322.48,6.004123
9/12/2017,100.45,83.01,100.82,97.91,98.82,375052.69,6.004123
9/11/2017,97.27,83.01,101.64,97.27,99.73,988774.57,6.004123
9/7/2017,96.91,83.09,98.18,96.27,97.82,990155.07,6.004123
9/6/2017,98.64,82.97,98.82,96.55,96.82,994423.07,6.004123
9/5/2017,98,82.89,99.09,98,98.64,540171.48,6.004123
9/4/2017,99.91,82.81,99.91,98.27,98.45,336730.89,6.004123
8/31/2017,98.09,82.9,99.18,97.82,98.55,959738.97,5.894013
8/30/2017,97.91,82.92,98.91,97.36,98.36,904340.77,5.894013
8/29/2017,96.36,82.87,98,96.36,97.82,604869.08,5.894013
8/28/2017,95.91,82.87,96.82,95.45,96.18,516060.58,5.894013
8/24/2017,96.36,82.86,97.27,95.45,96.82,576095.28,5.894013
8/23/2017,97.27,82.83,97.27,95.45,95.82,610134.78,5.894013
8/22/2017,97.18,82.8,97.73,96.45,97,499843.29,5.894013
8/21/2017,98,82.8,98,96.55,96.82,389716.79,5.894013
8/17/2017,98.45,82.8,98.45,96.27,96.45,1064771.37,5.894013
8/16/2017,97.91,82.78,97.91,96.64,97.18,647902.18,5.894013
8/10/2017,98.73,82.81,99.45,98.55,98.82,343836.89,5.894013
8/9/2017,99.09,82.8,99.55,98.64,98.91,895639.77,5.894013
8/8/2017,99.09,82.81,99.82,98.27,98.82,474437.69,5.894013
8/7/2017,99.55,82.79,100,98.64,98.82,882184.57,5.894013
8/3/2017,100.91,82.65,102.18,99.82,100.09,831992.68,5.894013
8/2/2017,101.09,82.76,103.18,100.36,100.55,698861.88,5.894013
8/1/2017,101.55,82.67,102.09,101.18,101.36,452587.29,5.894013
7/31/2017,101.82,82.92,102.36,101.09,101.55,871841.27,5.634861
7/27/2017,102,82.61,102.27,100.91,101.45,657544.78,5.634861
7/26/2017,101.82,82.58,103.55,101.64,102,617371.68,5.634861
7/25/2017,102.36,82.6,102.64,101.64,101.73,671190.28,5.634861
7/24/2017,102.27,82.48,102.64,101.73,101.91,625908.78,5.634861
7/20/2017,101.64,82.42,102.82,101.64,102.36,500882.79,5.634861
7/19/2017,103.64,82.49,103.64,101.82,101.91,1691729.55,5.634861
7/18/2017,103.91,82.33,104.18,103.09,103.18,980082.37,5.634861
7/17/2017,103.55,82.35,104.55,102.73,103.64,1050900.37,5.634861
7/13/2017,103.45,82.35,103.64,102.64,102.91,1647183.95,5.634861
7/12/2017,104.45,82.04,104.45,103.45,103.55,729869.78,5.634861
7/11/2017,105.09,84.96,105.45,104.18,104.36,1427478.76,5.634861
7/10/2017,105.82,84.72,106.36,104.64,104.82,1404181.86,5.634861
7/6/2017,103.64,81.43,104.27,103.27,103.73,1048633.27,5.634861
7/5/2017,103.36,83.85,104.09,103.09,103.73,1171409.77,5.634861
7/4/2017,104.09,83.85,104.55,102.91,103.27,1254798.56,5.634861
7/3/2017,102.73,83.2,104.18,102.36,103.91,1655147.95,5.634861
6/29/2017,103.55,83.44,103.64,102.45,102.73,1131684.37,5.869546
6/28/2017,103.82,83.4,103.91,103.09,103.45,1566845.45,5.869546
6/22/2017,103.73,83.33,104.27,102.91,103.45,854547.07,5.869546
6/21/2017,103,83.33,104.36,103,104,1418037.46,5.869546
6/20/2017,102.45,82.99,103.36,102.45,103.18,1156149.47,5.869546
6/19/2017,103.36,83.25,103.36,102.27,102.45,908652.77,5.869546
6/15/2017,101.91,82.84,103,101.45,102.64,898395.27,5.869546
6/14/2017,102.73,83.18,102.91,101.55,101.91,654001.68,5.869546
6/13/2017,102.91,83.18,103.55,102.27,102.45,580814.28,5.869546
6/12/2017,104.09,82.81,104.18,102.45,102.64,952191.87,5.869546
6/8/2017,104,83.16,104.64,103.73,104.45,2346621.13,5.869546
6/7/2017,103,83.16,104.09,102.18,104,3254951.6,5.869546
6/6/2017,102.73,82.9,104.27,102.55,102.73,1238145.66,5.869546
6/5/2017,100.27,83.1,103.45,99.09,103,2327148.93,5.869546
6/1/2017,99,82.89,100.45,97.91,100,1108050.87,5.869546
5/31/2017,98.36,83.1,99.09,97.91,98.36,542018.38,5.743228
5/30/2017,98.73,82.55,99.09,97.82,98,287636.79,5.743228
5/29/2017,99.73,82.44,99.73,97.91,98.36,509738.88,5.743228
5/25/2017,100,80.89,101.27,99.45,100,536226.88,5.743228
5/24/2017,98,80.92,100,97.27,99.73,804616.98,5.743228
5/23/2017,98.36,80.9,99.36,96.45,97.36,749940.38,5.743228
5/22/2017,96,81.56,98.18,96,97.27,678229.18,5.743228
5/18/2017,97.36,82.06,98.36,95.73,96,448941.89,5.743228
5/17/2017,95.45,82.05,98.82,95.45,97.91,779814.18,5.743228
5/16/2017,98.45,80.89,99.09,95.09,96,1049574.87,5.743228
5/15/2017,99.64,82.11,99.82,98,98.27,690340.18,5.743228
5/11/2017,99.73,81.5,100.36,99.55,99.91,669761.38,5.743228
5/9/2017,99.82,81.96,100.55,99.45,100,533470.28,5.743228
5/8/2017,99.18,81.96,101.09,98.64,100,628104.38,5.743228
5/4/2017,97.73,82.21,99.45,97,97.73,882895.17,5.743228
5/3/2017,99.27,81.47,100.18,97.36,98,860994.17,5.743228
5/2/2017,101.64,81.98,101.64,98.09,98.45,1441961.36,5.743228
4/27/2017,102.73,81.98,104.45,101.18,101.82,1575205.45,5.488651
4/26/2017,100.73,80.85,103.36,100.18,101.82,717865.48,5.488651
4/25/2017,101.27,82.13,101.82,100.64,100.73,761316.58,5.488651
4/24/2017,101.45,80.82,102.09,100.18,100.64,1009221.37,5.488651
4/20/2017,102.82,80.8,103.55,101.82,103,1237619.86,5.488651
4/19/2017,102.36,82.05,103.36,102.27,102.91,1258932.36,5.488651
4/18/2017,103.91,81.8,104,102.09,102.82,1018832.07,5.488651
4/17/2017,101.73,82.08,103.82,99.91,102.73,1900971.54,5.488651
4/13/2017,103.64,81.57,104.36,102.73,103.27,962934.47,5.488651
4/12/2017,104.55,81.37,104.91,101.27,103.36,1894495.84,5.488651
4/11/2017,105,81.35,106.36,103.09,103.91,1972624.44,5.488651
4/10/2017,105.91,81.31,106.27,103.09,105,1719922.55,5.488651
4/6/2017,108.09,81.23,108.91,106.82,107.73,2075982.64,5.488651
4/5/2017,106.45,81.33,109.09,104.55,107.82,3159615.71,5.488651
4/4/2017,103.55,81.2,107.27,103.55,106.45,3713691.19,5.488651
4/3/2017,100.91,81.13,103.64,100.36,102.82,3484567.8,5.488651
3/30/2017,101.36,81.2,101.82,100.09,100.36,2392319.53,5.428135
3/29/2017,99.91,81.12,102.18,99.91,101.18,2915201.21,5.428135
3/28/2017,99.64,81.19,100.09,98.73,99.91,2308432.43,5.428135
3/27/2017,98.18,81.26,99.82,96.36,98.64,1798352.55,5.428135
3/23/2017,99.55,81.15,100.64,97.64,98.09,2618140.72,5.428135
3/22/2017,94.55,80.95,99.27,94.45,98.82,2990018.81,5.428135
3/21/2017,96.36,80.76,97,93.82,94.64,2007740.84,5.428135
3/20/2017,97.27,80.95,97.73,95.45,96.27,1787983.95,5.428135
3/16/2017,92.73,80.88,94.55,92.27,94.18,2135776.44,5.428135
3/15/2017,90.36,80.98,92.82,90.18,92.55,1939485.84,5.428135
3/14/2017,90.18,80.97,91.36,89.18,90.27,1196148.77,5.428135
3/13/2017,92.91,80.76,93.45,90.36,90.82,1727994.35,5.428135
3/9/2017,87.55,80.93,90.82,87.55,89.64,3454733.6,5.428135
3/8/2017,85.45,80.76,87.36,85.09,87.27,2367639.93,5.428135
3/7/2017,84.55,81.23,85.91,84.55,85.45,1390753.06,5.428135
3/6/2017,83.73,81.33,85.45,83.73,84.45,1023277.17,5.428135
3/2/2017,84.09,80.71,84.55,83.91,84.45,1208578.76,5.428135
3/1/2017,84.09,81.12,84.45,83.91,84.18,1145940.37,5.428135
2/28/2017,84,81.22,84.27,83.55,83.91,770772.18,5.302586
2/27/2017,84.27,80.82,84.36,83.73,83.91,732373.38,5.302586
2/23/2017,84.09,80.71,85.36,83.82,84.27,895709.07,5.302586
2/22/2017,83.64,80.77,84.55,83.27,83.73,1658505.15,5.302586
2/20/2017,84.55,80.75,84.73,83.18,83.55,1017659.47,5.302586
2/16/2017,84.45,80.9,85,83.45,83.73,1561169.45,5.302586
2/15/2017,85.45,81.36,85.82,83.36,83.55,1441648.96,5.302586
2/14/2017,85.45,81.4,86.64,84.73,85.36,2934071.71,5.302586
2/13/2017,82.82,81.47,85.45,82.45,85.36,5578454.04,5.302586
2/9/2017,79.64,81.45,81.36,79.27,81.18,1247661.76,5.302586
2/8/2017,79.91,81.21,80.18,79.09,79.64,843948.58,5.302586
2/7/2017,79.09,80.89,79.64,78.73,79.45,839467.18,5.302586
2/6/2017,79.91,80.68,80.45,79,79.27,769058.38,5.302586
2/2/2017,79.73,80.8,79.82,78.18,78.27,736081.48,5.302586
2/1/2017,79.18,80.83,80.55,79.09,79.91,860146.07,5.302586
1/31/2017,79.82,80.86,80.82,79.09,79.27,1305747.26,5.19086
1/30/2017,81.82,80.8,82.18,79.09,79.64,1400420.96,5.19086
1/26/2017,79.91,80.83,84.55,79.55,83.27,3752612.49,5.19086
1/25/2017,80.27,80.81,81.45,79.55,79.91,2093228.44,5.19086
1/24/2017,79.27,80.82,79.91,78.64,79.27,1924546.74,5.19086
1/23/2017,79.82,80.78,80.18,79.09,79.27,1611838.75,5.19086
1/19/2017,79.73,80.79,80.18,78.55,79.45,2024782.04,5.19086
1/18/2017,78.82,80.8,81.82,78.82,79.55,2975375.61,5.19086
1/17/2017,78.64,80.84,80,77.73,78.73,2249674.83,5.19086
1/16/2017,79.09,80.85,79.64,78,78.27,1411097.56,5.19086
1/12/2017,77.55,80.7,78.27,76.82,77.09,1459246.76,5.19086
1/11/2017,79.55,80.91,79.64,77.45,77.82,1065073.87,5.19086
1/10/2017,79.91,80.9,81.36,78.91,79.18,1789669.15,5.19086
1/9/2017,76.55,80.83,79.55,76.55,79.45,3654804.89,5.19086
1/5/2017,76.91,80.82,79.27,76.91,78.73,2899761.61,5.19086
1/4/2017,76.36,80.86,77.27,75.36,76.73,1761007.55,5.19086
1/3/2017,76.36,80.81,76.82,75.55,75.91,2705044.02,5.19086
1/2/2017,73.91,80.74,76.64,73.91,76.27,1611996.05,5.19086
12/29/2016,73.09,80.76,74.45,73.09,73.45,872870.87,5.149804
12/28/2016,73.64,80.8,74.09,72.91,73.18,848312.27,5.149804
12/27/2016,74,80.71,74.45,72.73,72.91,1080678.47,5.149804
12/26/2016,73,80.73,74.45,73,73.64,682881.08,5.149804
12/22/2016,73,80.72,73.82,72.82,73.09,409567.39,5.149804
12/21/2016,73,80.69,73.82,72.91,73.09,264526.89,5.149804
12/20/2016,72.91,80.8,75.27,72.36,73.55,573688.48,5.149804
12/19/2016,73.73,81.36,74.18,72.73,72.82,880222.17,5.149804
12/15/2016,73.64,81.41,74.09,72.64,72.91,676487.88,5.149804
12/14/2016,74,81.43,75.45,73.45,73.64,874804.67,5.149804
12/12/2016,74.36,81.6,74.55,73.91,73.91,431704.89,5.149804
12/8/2016,74.82,81.37,75.36,74.73,74.91,718127.28,5.149804
12/7/2016,75.45,81.55,75.64,74.73,74.91,298096.69,5.149804
12/6/2016,74.73,81.58,75.36,74.55,74.73,1196452.37,5.149804
12/5/2016,74.73,82.67,75.09,74.27,74.73,1099064.97,5.149804
12/1/2016,75,82.45,76.73,75,75.55,524278.68,5.149804
11/30/2016,75.36,82.25,75.73,74.73,74.91,356872.99,5.401814
11/29/2016,76.36,82.3,76.73,75.36,75.55,592382.98,5.401814
11/28/2016,76,84.23,76.82,76,76.64,757446.78,5.401814
11/24/2016,76.45,83.65,76.64,75.36,76.27,372622.79,5.401814
11/23/2016,75.45,82.94,76.64,75.36,76.27,815946.98,5.401814
11/22/2016,75.91,82.8,76.27,75.45,75.73,599303.08,5.401814
11/21/2016,74.91,81.9,76.36,74.64,76.09,1028424.07,5.401814
11/17/2016,74.09,81.78,74.82,74,74.36,618364.98,5.401814
11/16/2016,74.55,81.09,74.91,74.18,74.36,587550.68,5.401814
11/15/2016,74.73,81.03,75.91,74.36,74.55,338929.79,5.401814
11/14/2016,74.36,81.05,75,74.18,74.73,528603.88,5.401814
11/10/2016,73.55,80.65,75.18,73.45,74.55,866906.67,5.401814
11/9/2016,73.73,80.65,74.09,73.27,73.82,561111.08,5.401814
11/8/2016,74.09,80.64,74.64,73.18,74.36,1256844.56,5.401814
11/7/2016,71.82,80.45,74.27,71.73,73.82,991085.67,5.401814
11/3/2016,70.55,80.31,72.18,70.55,72,434343.79,5.401814
11/2/2016,69.45,80.38,70.91,69.45,70.64,539805.18,5.401814
10/31/2016,68.91,80.25,70.91,68.91,70.18,341038.49,5.473965
10/27/2016,70.73,80.33,70.73,69.18,69.82,291732.09,5.473965
10/26/2016,70.45,80.33,70.91,69.55,70.09,321932.59,5.473965
10/25/2016,70.18,80.29,71,70.18,70.73,538143.08,5.473965
10/24/2016,69.27,80.28,70,69,69.73,279792.69,5.473965
10/20/2016,69.82,79.83,70.36,69.27,70,373842.69,5.473965
10/19/2016,68.45,80.21,70.27,68.27,70,350072.79,5.473965
10/18/2016,71.36,80.25,71.45,68.18,68.36,929594.57,5.473965
10/17/2016,71.73,79.65,73.18,70.55,70.73,357796.99,5.473965
10/13/2016,71.27,80.21,71.64,69.36,70.18,721286.48,5.473965
10/10/2016,72.64,80.3,72.73,71.18,71.91,413246.89,5.473965
10/6/2016,74,80.28,74.45,73.55,73.73,266665.29,5.473965
10/5/2016,74.27,80.2,74.55,73.82,73.82,246888.39,5.473965
10/4/2016,74.18,80.27,75,73.91,74.55,448891.29,5.473965
10/3/2016,74.55,80.16,74.55,74.09,74.18,224926.89,5.473965
9/29/2016,75.45,80.05,75.64,74.82,75.55,1206373.26,5.4284
9/28/2016,74.55,80.09,75.55,74,75.36,1315934.36,5.4284
9/27/2016,74,80.05,74.73,74,74.45,739699.38,5.4284
9/26/2016,73.36,79.7,74,73.18,73.91,588011.58,5.4284
9/22/2016,73.45,80,74.55,73.45,73.73,720663.88,5.4284
9/21/2016,74,79.9,74.82,74,74.36,469607.59,5.4284
9/20/2016,74,80.09,74.64,73.64,74.45,661641.18,5.4284
9/19/2016,73.36,80.16,74.09,73.27,73.82,598834.48,5.4284
9/8/2016,73.73,80.21,74.36,73.64,73.82,1037771.87,5.4284
9/7/2016,74.45,80.23,74.55,73.91,74.27,600844.18,5.4284
9/6/2016,73.82,80.02,74.55,73.82,74.09,481460.09,5.4284
9/5/2016,73.36,79.91,74.55,73.27,74.09,353984.39,5.4284
9/1/2016,75.36,79.98,75.36,73.82,74,755171.98,5.4284
8/31/2016,74.55,79.8,76.18,74.55,75.27,1253426.86,5.399759
8/30/2016,74,79.92,75.45,74,75.36,4530381.77,5.399759
8/29/2016,74.36,79.67,74.36,73.45,73.82,532393.38,5.399759
8/24/2016,74.36,79.68,74.55,73.55,73.82,593145.28,5.399759
8/23/2016,75.18,79.68,75.27,74,74.27,688986.08,5.399759
8/22/2016,74.91,79.61,75.36,74.55,74.82,460644.79,5.399759
8/18/2016,74.82,79.62,75.36,74.09,74.73,889709.67,5.399759
8/17/2016,75.82,79.46,75.82,74.64,74.82,1260419.56,5.399759
8/16/2016,76,79.38,76.27,74.45,75.45,1308188.16,5.399759
8/11/2016,77.27,79.38,77.36,75.91,76.18,1615969.25,5.399759
8/10/2016,77.36,79.44,78,77,77.27,1001433.37,5.399759
8/9/2016,78.45,79.48,78.55,77.27,77.64,621398.78,5.399759
8/8/2016,79.18,79.21,79.18,78.09,78.36,588454.88,5.399759
8/4/2016,78.18,79.35,79.09,77.73,78.64,563800.58,5.399759
8/3/2016,78.18,79.23,78.55,77.45,77.82,486540.99,5.399759
8/2/2016,78.18,79.29,78.91,78,78.27,600069.78,5.399759
8/1/2016,78.55,79.27,79.18,77.82,78.36,792865.68,5.399759
7/28/2016,78.64,79.28,79.36,77.73,79,805235.18,5.442938
7/27/2016,80.18,79.01,80.18,78.36,78.64,831788.08,5.442938
7/26/2016,79.09,79.08,80.73,78.73,79.55,3319343.4,5.442938
7/25/2016,77.45,79.21,79,77.36,78.73,1339423.76,5.442938
7/21/2016,77.27,79.17,78.55,76.91,78.18,2383609.73,5.442938
7/20/2016,76.18,79.46,77.18,75.09,76.91,1454509.06,5.442938
7/19/2016,76.82,79.01,77.55,76.27,76.55,1332407.96,5.442938
7/18/2016,75.45,79.02,76.91,75.45,76.73,1716398.15,5.442938
7/14/2016,74.91,79.05,75.91,74.91,75.18,556197.38,5.442938
7/13/2016,75.27,79.05,76.18,75,75.09,384814.09,5.442938
7/12/2016,75.91,79.08,76.36,74.91,75.27,704431.18,5.442938
7/11/2016,76.18,79.08,76.82,75.09,75.27,370941.99,5.442938
6/30/2016,75.27,79.13,76.27,74.55,75.91,1134852.37,5.48369
6/29/2016,74.09,78.7,75.27,74.09,75.09,503014.59,5.48369
6/28/2016,74.45,79.26,75,73.27,74.73,803678.68,5.48369
6/27/2016,73.36,79.45,74.91,73.27,74.27,564184.48,5.48369
6/23/2016,73.64,79.48,74.55,72.82,73.45,339033.19,5.48369
6/22/2016,73.45,79.46,74.55,71.45,73.09,469754.99,5.48369
6/21/2016,72.73,79.38,74.55,72.73,73.55,311103.09,5.48369
6/20/2016,73.82,79.46,74.64,73.45,73.55,428044.09,5.48369
6/16/2016,74.55,79.66,76,73.64,74.18,378633.19,5.48369
6/15/2016,75,79.63,75,73.45,74.36,977536.97,5.48369
6/14/2016,75.36,79.46,75.55,74.55,74.73,515507.28,5.48369
6/13/2016,75.55,79.6,76.18,75.09,75.27,595270.48,5.48369
6/9/2016,75.64,79.33,77.45,75.64,77,458673.59,5.48369
6/8/2016,76.18,79.4,76.91,75.82,75.91,442392.49,5.48369
6/7/2016,76.82,79.26,77.45,76,76.91,1688059.95,5.48369
6/6/2016,75.82,79.32,76.91,75.73,76.45,545531.78,5.48369
6/2/2016,75.45,79.33,77.73,75.36,76.91,2085202.84,5.48369
6/1/2016,74.73,79.11,75.45,74.73,75.27,1155090.17,5.48369
5/31/2016,75,79.21,75.45,74.64,75.09,896834.37,5.434271
5/30/2016,75.09,78.86,75.64,75.09,75.18,598527.58,5.434271
5/26/2016,74.55,78.83,75.55,74.55,75.36,596228.58,5.434271
5/25/2016,75.64,78.88,75.64,74.55,74.82,371505.19,5.434271
5/24/2016,75.36,78.63,76.55,75.36,75.55,930472.37,5.434271
5/19/2016,75.73,78.62,75.91,75,75.18,318183.79,5.434271
5/18/2016,75.82,78.6,76.27,74.45,75.27,460098.09,5.434271
5/17/2016,75.36,78.65,76.36,75.36,76.18,923293.77,5.434271
5/16/2016,73.73,78.55,75.55,73.64,75.18,542944.58,5.434271
5/11/2016,73.94,78.51,74.03,72.73,73.25,685871.32,5.434271
5/10/2016,72.81,78.53,74.46,72.73,73.33,549011.91,5.434271
5/9/2016,75.32,78.42,75.84,72.47,72.73,1422539.53,5.434271
5/5/2016,72.9,78.36,75.5,72.9,74.98,1618020.97,5.434271
5/4/2016,71,78.56,73.68,71,73.16,1469915.32,5.434271
5/3/2016,70.82,78.51,72.81,70.56,72.73,1009315.2,5.434271
5/2/2016,69.44,78.52,71,69.44,70.3,368010.71,5.434271
4/28/2016,71.43,78.53,71.43,69.52,70.13,406278.17,5.582341
4/27/2016,71.77,78.48,71.77,70.04,70.74,450899.28,5.582341
4/26/2016,71,78.44,71.43,69,70.82,310349.65,5.582341
4/25/2016,71.17,78.56,71.95,70.22,70.56,544580.17,5.582341
4/21/2016,73.16,78.51,73.42,69.35,72.21,1606744.7,5.582341
4/20/2016,70.56,78.42,73.68,70.56,72.03,1676413.15,5.582341
4/19/2016,72.38,78.42,72.38,70.13,70.3,1201909.13,5.582341
4/18/2016,72.73,78.45,73.59,71.43,71.95,786539.96,5.582341
4/13/2016,73.16,78.51,73.59,71.86,72.81,1045246.09,5.582341
4/12/2016,72.64,78.48,73.33,72.55,72.64,444686.54,5.582341
4/11/2016,73.59,78.5,73.59,71.86,72.38,723341.83,5.582341
4/7/2016,73.25,78.52,74.89,73.25,74.37,521093.25,5.582341
4/6/2016,74.2,78.53,74.63,73.25,73.59,357173.34,5.582341
4/5/2016,73.16,78.51,74.81,73.16,74.55,983912.13,5.582341
4/4/2016,72.29,78.59,74.37,72.29,74.03,1098915.47,5.582341
3/31/2016,72.73,78.58,73.94,72.55,72.81,834016.23,5.654281
3/30/2016,72.73,78.52,73.59,72.47,73.16,620567.62,5.654281
3/29/2016,72.73,78.4,73.59,71.86,73.16,611834.67,5.654281
3/28/2016,73.07,78.39,73.68,71.86,72.03,889736.9,5.654281
3/24/2016,73.51,78.41,74.11,73.16,73.33,541685.74,5.654281
3/23/2016,73.77,78.5,74.03,73.16,73.51,711777.97,5.654281
3/22/2016,75.32,78.48,75.41,73.59,73.94,1100830.46,5.654281
3/21/2016,73.16,78.34,75.76,73.16,75.41,1976095.21,5.654281
3/16/2016,74.37,78.39,74.46,73.33,73.59,614202.42,5.654281
3/15/2016,74.46,78.38,74.81,73.59,73.77,869635.28,5.654281
3/14/2016,73.51,78.36,74.03,73.33,73.77,1000248.45,5.654281
3/10/2016,74.46,78.46,76.1,74.11,74.72,2165815.51,5.654281
3/9/2016,75.41,78.34,75.5,73.59,73.85,1167017.74,5.654281
3/8/2016,74.46,78.41,74.98,73.51,74.46,911477.46,5.654281
3/7/2016,75.15,78.43,75.84,74.29,74.46,514987.92,5.654281
3/3/2016,76.19,78.48,78.01,76.1,76.36,1463274.07,5.654281
3/2/2016,75.15,78.36,76.97,73.42,76.71,2583896.62,5.654281
3/1/2016,76.02,78.51,76.62,73.51,74.11,1395492.9,5.654281
2/29/2016,76.62,78.39,77.75,75.15,75.58,1282242.84,5.554232
2/25/2016,78.53,78.42,79.31,76.71,77.14,1730847.14,5.554232
2/24/2016,80.43,78.37,80.87,77.84,78.44,1236685.03,5.554232
2/23/2016,79.48,78.43,81.04,79.48,80.17,1363506.33,5.554232
2/22/2016,80.61,78.4,80.69,79.22,79.48,1742955,5.554232
2/18/2016,81.47,78.39,81.73,80.09,80.61,2082267.43,5.554232
2/17/2016,80.87,78.43,82.08,80.87,81.47,1339772.24,5.554232
2/16/2016,82.25,78.47,82.25,80.69,80.95,1597616.74,5.554232
2/15/2016,80.78,78.45,82.68,80.78,81.82,2697709.16,5.554232
2/11/2016,80.95,78.43,83.12,80.95,81.73,3396589.24,5.554232
2/10/2016,79.74,78.45,81.3,79.65,80.95,3210905.67,5.554232
2/9/2016,78.61,78.37,79.91,78.53,79.74,1812681.2,5.554232
2/8/2016,79.22,78.43,80.61,78.61,78.87,2678957.73,5.554232
2/4/2016,76.45,78.46,77.66,75.93,77.23,1499709.7,5.554232
2/3/2016,77.14,78.36,77.4,75.76,76.28,1575075.76,5.554232
2/2/2016,75.76,78.41,77.84,75.41,77.06,3374969.95,5.554232
2/1/2016,74.81,78.52,76.19,74.37,75.41,1380336.99,5.554232
1/28/2016,74.81,78.51,75.41,74.55,74.89,1246413.59,6.078677
1/27/2016,75.76,78.5,76.1,74.98,75.06,651589.76,6.078677
1/26/2016,75.15,78.47,76.1,74.72,75.76,1024868.43,6.078677
1/25/2016,75.06,78.53,75.76,74.63,75.06,660836.69,6.078677
1/21/2016,75.93,78.45,75.93,73.94,74.55,1449024.84,6.078677
1/20/2016,77.06,78.53,77.14,75.15,75.5,2808749.7,6.078677
1/19/2016,76.36,78.5,77.14,75.15,76.8,2189770.2,6.078677
1/18/2016,76.36,78.36,76.88,75.84,76.36,885665.52,6.078677
1/14/2016,77.92,78.48,78.7,76.97,77.23,1600769.89,6.078677
1/13/2016,78.01,78.51,79.31,76.8,77.66,2369690.32,6.078677
1/12/2016,76.19,78.35,78.27,76.1,77.92,1918322.11,6.078677
1/11/2016,75.93,78.41,76.62,75.32,75.93,1419884.19,6.078677
1/7/2016,78.18,78.39,78.44,76.97,77.23,2822889.21,6.078677
1/6/2016,76.88,78.4,78.1,76.45,77.92,2883273.76,6.078677
1/5/2016,76.19,78.38,77.4,75.93,76.88,2543977.51,6.078677
1/4/2016,74.81,78.41,76.8,74.72,76.36,2333399.07,6.078677
12/31/2015,73.59,78.46,73.85,72.38,72.81,1160681.41,6.178689
12/30/2015,73.77,78.48,74.11,72.64,73.07,1715840.22,6.178689
12/29/2015,73.59,78.5,74.72,73.25,73.77,2267732.7,6.178689
12/28/2015,72.47,78.54,73.85,72.29,73.59,2528339.96,6.178689
12/24/2015,72.55,78.56,72.99,71.77,71.95,2192941.83,6.178689
12/23/2015,73.85,78.53,73.85,72.21,72.47,1615469.57,6.178689
12/22/2015,74.46,78.51,75.06,73.25,73.51,2663067.24,6.178689
12/21/2015,75.32,78.65,75.84,74.2,74.37,2201399.9,6.178689
12/17/2015,73.59,78.52,74.55,73.07,74.29,2606195.05,6.178689
12/15/2015,73.33,78.29,73.85,71.95,73.25,2852680.12,6.178689
12/14/2015,70.82,78.6,73.51,70.82,72.9,4606016.27,6.178689
12/10/2015,70.04,78.71,70.91,69.7,70.65,1861640.49,6.178689
12/9/2015,70.04,78.69,71.08,69.87,70.13,2316821.36,6.178689
12/8/2015,69.26,78.71,70.91,68.14,70.3,1859485.26,6.178689
12/7/2015,70.13,78.7,70.13,69,69.18,1377589.25,6.178689
12/3/2015,69.35,78.71,71.34,69.26,71.17,3417364.22,6.178689
12/2/2015,69.18,78.58,69.87,68.74,69.26,2669092.88,6.178689
12/1/2015,66.67,78.57,69.18,66.67,68.83,3973348.87,6.178689
11/30/2015,65.63,78.73,67.19,65.37,66.67,3154892.79,6.126617
11/26/2015,66.58,78.55,67.01,65.97,66.32,935118,6.126617
11/25/2015,66.84,78.73,66.84,65.63,66.58,1656393.53,6.126617
11/24/2015,67.45,78.71,67.45,65.8,66.49,2017173.94,6.126617
11/23/2015,66.93,78.64,68.23,66.75,67.27,3381672.42,6.126617
11/19/2015,64.85,78.43,65.97,64.5,64.76,2955800.83,6.126617
11/18/2015,63.81,78.71,64.85,63.12,64.68,2412104.23,6.126617
11/17/2015,64.07,78.63,64.07,62.86,63.72,2757518.52,6.126617
11/16/2015,62.68,78.64,63.55,62.6,62.94,1144556.45,6.126617
11/12/2015,61.99,78.74,63.55,61.99,63.38,1709588.21,6.126617
11/11/2015,62.34,78.73,62.6,61.73,61.9,705359.63,6.126617
11/10/2015,62.6,78.67,62.77,62.16,62.42,1131845.68,6.126617
11/9/2015,62.34,78.67,62.42,61.82,62.16,754130.66,6.126617
11/5/2015,61.99,78.4,62.42,61.65,61.9,712445.56,6.126617
11/4/2015,63.2,78.42,63.29,61.99,62.25,969623.62,6.126617
11/3/2015,62.51,78.4,63.46,62.34,63.12,1601160.28,6.126617
11/2/2015,61.82,78.43,62.68,61.3,62.51,1214049.34,6.126617
10/29/2015,61.73,78.4,62.34,61.65,61.73,1079631.6,6.173624
10/28/2015,61.3,78.45,62.25,60.69,61.73,697146.43,6.173624
10/27/2015,61.9,78.43,62.25,61.13,61.39,829402.01,6.173624
10/20/2015,62.34,78.38,62.77,61.47,61.82,1853181.27,6.173624
10/19/2015,63.03,78.43,63.29,61.9,62.16,2703992.36,6.173624
10/15/2015,64.94,78.45,65.19,63.12,63.81,3041664.68,6.173624
10/14/2015,66.41,78.4,66.41,64.5,64.76,2752699.86,6.173624
10/13/2015,63.9,78.41,66.49,63.81,66.23,6640196.43,6.173624
10/12/2015,64.07,78.4,64.07,63.2,63.9,2632582.18,6.173624
10/8/2015,64.85,78.39,65.02,64.24,64.33,2286799.44,6.173624
10/7/2015,64.94,78.38,65.71,64.42,64.76,3370072.75,6.173624
10/6/2015,64.5,78.4,65.11,63.72,64.94,5345950.82,6.173624
10/5/2015,61.9,78.43,64.5,61.9,64.07,3971064.28,6.173624
10/1/2015,61.99,78.45,62.6,61.82,62.25,902854.23,6.173624
9/30/2015,62.08,78.31,62.25,61.56,61.9,1730274.26,6.222986
9/29/2015,63.12,78.35,63.12,61.65,61.82,1473900.07,6.222986
9/28/2015,62.34,78.38,63.55,62.16,62.68,2533947.49,6.222986
9/22/2015,61.99,78.38,62.6,61.65,62.08,1337947.34,6.222986
9/21/2015,63.03,78.46,63.55,61.47,61.9,2272062.8,6.222986
9/17/2015,61.3,78.46,62.94,60.87,62.6,4650264.32,6.222986
9/16/2015,60.78,78.33,61.3,59.91,60.95,1949987.59,6.222986
9/15/2015,59.91,78.34,61.13,59.65,60.95,3124217.15,6.222986
9/14/2015,58.87,78.38,60.17,58.7,60,3425072.69,6.222986
9/10/2015,58.18,78.39,58.44,57.75,58.01,907520.43,6.222986
9/9/2015,58.18,78.4,58.61,57.75,57.92,957068.77,6.222986
9/8/2015,58.79,78.41,59.22,58.18,58.61,1872094.39,6.222986
9/7/2015,56.45,78.45,58.61,56.45,58.44,1119479.09,6.222986
9/3/2015,56.54,78.46,57.84,56.54,57.14,642071.41,6.222986
9/2/2015,56.45,78.45,57.14,56.36,56.97,271051.93,6.222986
9/1/2015,56.71,78.46,56.8,56.1,56.28,481214.56,6.222986
8/31/2015,56.71,78.49,57.14,56.19,56.97,747593.36,6.260792
8/27/2015,56.88,78.5,57.4,56.88,57.32,1176516.46,6.260792
8/26/2015,57.23,78.51,57.32,56.8,57.14,693758.81,6.260792
8/25/2015,56.36,78.45,57.06,56.36,56.88,1040773.93,6.260792
8/24/2015,57.14,78.46,57.32,56.19,56.54,1321035.83,6.260792
8/20/2015,58.01,78.48,58.96,57.84,58.44,1211205.73,6.260792
8/19/2015,56.54,78.5,58.7,56.54,58.44,1092150.64,6.260792
8/18/2015,56.28,78.49,56.88,55.5,56.28,1811216.66,6.260792
8/17/2015,57.92,78.53,57.92,55.5,56.36,967939.63,6.260792
8/13/2015,59.22,78.63,59.91,58.7,58.79,997077.97,6.260792
8/12/2015,58.53,78.53,59.57,58.27,59.48,1309446.56,6.260792
8/11/2015,59.48,78.51,59.57,58.27,58.53,1159407.44,6.260792
8/10/2015,59.91,78.53,60.09,58.53,58.79,1381978.25,6.260792
8/6/2015,60.78,78.7,61.39,59.39,59.65,2331084.45,6.260792
8/5/2015,61.65,78.71,61.99,60.52,60.78,2353351.69,6.260792
8/4/2015,61.9,78.78,63.29,61.65,61.9,3264910,6.260792
8/3/2015,61.65,78.6,62.68,61.47,62.16,3495352.13,6.260792
7/30/2015,59.31,78.61,60.95,58.87,60.35,3379886.79,6.374857
7/29/2015,58.87,78.65,60.69,58.53,59.13,4378699.57,6.374857
7/28/2015,56.71,78.66,58.87,56.28,58.79,3163391.28,6.374857
7/27/2015,58.01,78.46,58.01,56.28,56.71,2114632.84,6.374857
7/23/2015,55.84,78.48,57.14,55.15,56.36,2549531.9,6.374857
7/22/2015,57.32,78.46,57.84,55.5,55.84,2300657.13,6.374857
7/21/2015,57.4,78.48,58.1,57.06,57.32,1779663.21,6.374857
7/14/2015,57.4,78.48,58.53,57.23,57.58,2265583.25,6.374857
7/13/2015,58.87,78.51,58.87,56.97,57.92,2269219.19,6.374857
7/9/2015,56.62,78.56,56.62,55.32,56.02,2337369.96,6.374857
7/8/2015,55.32,78.56,56.71,55.24,56.28,3686120.01,6.374857
7/7/2015,53.59,78.55,55.41,53.51,54.89,3121850.55,6.374857
7/6/2015,54.2,78.56,54.46,53.33,53.59,1935964.74,6.374857
7/2/2015,54.55,78.48,54.55,53.51,53.59,2370840.7,6.374857
6/30/2015,54.72,78.4,55.84,53.85,54.37,2207515.62,6.260272
